{"cameraMode":{"drawMode":0,"name":"Shaded","section":"Shading Mode"},"sceneLighting":false,"audioPlay":false,"sceneViewState":{"showFog":true,"showMaterialUpdate":false,"showSkybox":false,"showFlares":true,"showImageEffects":true,"showParticleSystems":true},"in2DMode":false,"pivot":{"x":0.0,"y":1.0099999904632569,"z":1.2899999618530274},"rotation":{"x":0.707094132900238,"y":0.004242615774273872,"z":-0.004242615774273872,"w":0.707094132900238},"size":1.2247449159622193,"orthographic":true}