{"cameraMode":{"drawMode":0,"name":"Shaded","section":"Shading Mode"},"sceneLighting":false,"audioPlay":false,"sceneViewState":{"showFog":true,"showMaterialUpdate":true,"showSkybox":false,"showFlares":true,"showImageEffects":true,"showParticleSystems":true},"in2DMode":false,"pivot":{"x":-7.5823469161987309,"y":9.712005615234375,"z":561.1361694335938},"rotation":{"x":0.1152319386601448,"y":-0.014302008785307408,"z":0.001659422181546688,"w":0.9932404160499573},"size":12.073627471923829,"orthographic":false}