{"cameraMode":{"drawMode":0,"name":"Shaded","section":"Shading Mode"},"sceneLighting":false,"audioPlay":false,"sceneViewState":{"showFog":true,"showMaterialUpdate":true,"showSkybox":false,"showFlares":true,"showImageEffects":true,"showParticleSystems":true},"in2DMode":false,"pivot":{"x":11.449999809265137,"y":8.200000762939454,"z":159.1999969482422},"rotation":{"x":0.18449747562408448,"y":-0.06716623157262802,"z":0.012639151886105538,"w":0.9804562330245972},"size":12.990381240844727,"orthographic":false}